File,labelPoint,label,f0,time,begTimeLabel,endTimeLabel 
CHO-P1-target1,L,ananyaa,168.63078823154012,0.4376868620274797,0.3805323505622819,0.8944338875413141
CHO-P1-target1,H,ananyaa,180.3203585542702,0.7330742445402937,0.3805323505622819,0.8944338875413141
CHO-P1-target10,L,laavanya,185.61312811372224,0.08920065470979617,0.05231723118132714,0.6329562571519283
CHO-P1-target10,H,laavanya,143.9332185700771,0.619096924074804,0.05231723118132714,0.6329562571519283
CHO-P1-target10,L,aaraam,163.0799930699497,0.7426839920568611,0.6329562571519283,1.0715450040937182
CHO-P1-target10,H,aaraam,188.04246784913866,1.0321724538856143,0.6329562571519283,1.0715450040937182
CHO-P1-target11,L,ananyaa,196.7101057977912,0.3931246569383596,0.30667109150487787,0.7632454513706157
CHO-P1-target11,H,ananyaa,202.7410821012358,0.6285623806501969,0.30667109150487787,0.7632454513706157
CHO-P1-target11,L,kasrat,182.88511746010397,0.9185350006000507,0.7632454513706157,1.1807686203588297
CHO-P1-target11,H,kasrat,190.11714962969464,1.1198818083061828,0.7632454513706157,1.1807686203588297
CHO-P1-target12,L,laavanya,185.11654084019946,0.5666424865248504,0.46841978300257237,0.9653039509881155
CHO-P1-target12,H,laavanya,189.94200608907758,0.8427941770086341,0.46841978300257237,0.9653039509881155
CHO-P1-target12,L,kheDvaanu,184.026287240572,1.1178215599760946,0.9653039509881155,1.463740469607605
CHO-P1-target12,H,kaam ,95.03288352720507,1.5570804988662132,1.463740469607605,1.6930452765266433
CHO-P1-target13,L,ananyaa,181.4896220062857,0.30048716619661914,0.26343108942751986,0.7410096239199252
CHO-P1-target13,H,ananyaa,187.50154086301902,0.641222786714494,0.26343108942751986,0.7410096239199252
CHO-P1-target13,L,aaraam,177.09780068107096,0.8656088493798619,0.7410096239199252,1.121195949553404
CHO-P1-target13,H,aaraam,184.6504742818791,1.0385345209611492,0.7410096239199252,1.121195949553404
CHO-P1-target14,L,ananyaa,176.86266483321265,0.54646665405951,0.30117376842102556,0.8083315873183556
CHO-P1-target14,H,ananyaa,180.79030538558777,0.704765537680417,0.30117376842102556,0.8083315873183556
CHO-P1-target14,L,kasrat,173.6310629337156,0.9968903585505791,0.8837069661400028,1.3710885130508519
CHO-P1-target14,H,kasrat,183.18456011967945,1.1886091661031881,0.8837069661400028,1.3710885130508519
CHO-P1-target15,L,laavanya,176.24473414744207,0.4165922243654268,0.28746867625097305,0.7696728486364441
CHO-P1-target15,H,laavanya,184.8841324949643,0.639376981871753,0.28746867625097305,0.7696728486364441
CHO-P1-target15,L,kheDvaanu,178.60842346121643,0.9518094940033561,0.7696728486364441,1.260082046637568
CHO-P1-target15,H,kaam,186.63246392306556,1.3505579446729994,1.260082046637568,1.5043345256430878
CHO-P1-target16,L,laavanya,178.18411720026316,0.4634998472537991,0.3524295718338586,0.8153674338474991
CHO-P1-target16,H,laavanya,193.10110935371975,0.7026414452818002,0.3524295718338586,0.8153674338474991
CHO-P1-target16,L,nedvaanu,180.76266545044095,0.9744861678264509,0.8153674338474991,1.3528349533267823
CHO-P1-target16,H,nedvaanu,190.82966021914524,1.291297686581495,0.8153674338474991,1.3528349533267823
CHO-P1-target2,L,laavanya,182.47189481805245,0.47332568918720797,0.3907321252891021,0.8866794613313653
CHO-P1-target2,H,laavanya,185.2978070451596,0.8131256034964913,0.3907321252891021,0.8866794613313653
CHO-P1-target2,L,kasrat,182.3082616042843,1.0362011758770324,0.8866794613313653,1.3513288050356522
CHO-P1-target2,H,kasrat,203.69976324915856,1.2515979453846202,0.8866794613313653,1.3513288050356522
CHO-P1-target3,L,ananyaa,181.6354395570737,0.31142927632573364,0.29325289765000073,0.7575957764499149
CHO-P1-target3,H,ananyaa,190.97265302745373,0.6134260502542478,0.29325289765000073,0.7575957764499149
CHO-P1-target3,L,nedvaanu,162.4753068221624,0.9637690816774689,0.7575957764499149,1.2137376833562559
CHO-P1-target3,H,nedvaanu,184.50003274039852,1.1406492230130754,0.7575957764499149,1.2137376833562559
CHO-P1-target5,L,laavanya,179.91934279023218,0.3266845682843453,0.289859846961827,0.7859546389839384
CHO-P1-target5,H,laavanya,192.03381016723063,0.7296654114284014,0.289859846961827,0.7859546389839384
CHO-P1-target5,L,kasrat,90.14654948864288,0.9222449193762484,0.7859546389839384,1.2657755531010038
CHO-P1-target5,H,kasrat,188.92053113531887,1.1436209709334362,0.7859546389839384,1.2657755531010038
CHO-P1-target6,L,ananyaa,191.3591274909742,0.24383930412730837,0.14180196043449841,0.6381326282868076
CHO-P1-target6,H,ananyaa,200.02784144361723,0.41959795113417625,0.14180196043449841,0.6381326282868076
CHO-P1-target6,L,nedvaanu,185.39479903859996,0.7653094882887602,0.6381326282868076,1.1598620161732873
CHO-P1-target6,H,nedvaanu,202.4193519138393,1.0765121960596074,0.6381326282868076,1.1598620161732873
CHO-P1-target7,L,laavanya,189.91146958318575,0.28251808511673626,0.2272804219617657,0.7552556612582499
CHO-P1-target7,H,laavanya,190.9780700943312,0.6338263810626779,0.2272804219617657,0.7552556612582499
CHO-P1-target7,L,aaraam,179.33983928739892,0.8442362277116534,0.7552556612582499,1.047902360243294
CHO-P1-target7,H,aaraam,199.83545728802812,0.9487057474975499,0.7552556612582499,1.047902360243294
CHO-P1-target8,L,ananyaa,--undefined--,0.1702522237289193,0.12407277545681127,0.5848492568665566
CHO-P1-target8,H,ananyaa,207.17630698356427,0.41859714446706947,0.12407277545681127,0.5848492568665566
CHO-P1-target8,L,kheDvaanu,179.6592565112723,0.7470466411263555,0.5848492568665566,1.0584772970598704
CHO-P1-target8,H,kaam,185.89158918699044,1.1731803245265566,1.0584772970598704,1.2821369720118518
CHO-P1-target9,L,laavanya,179.02465866733183,0.3465249155548468,0.21985095544879515,0.7342412294416053
CHO-P1-target9,H,laavanya,194.47989015563846,0.624829953473558,0.21985095544879515,0.7342412294416053
CHO-P1-target9,L,nedvaanu,170.66213314278255,0.9232462949033858,0.7342412294416053,1.2281946116552276
CHO-P1-target9,H,nedvaanu,182.5256729380917,1.0606978082483887,0.7342412294416053,1.2281946116552276
CHO-P10-target1,L,ananyaa,120.70144779879709,0.303696145124717,0.26697597719110494,0.740175287964421
CHO-P10-target1,H,ananyaa,143.76725968704673,0.682100691224845,0.26697597719110494,0.740175287964421
CHO-P10-target1,L,kheDvaanu,133.75814071532358,0.8764133544107098,0.740175287964421,1.1689648539168922
CHO-P10-target1,H,kheDvaanu,138.928217411658,1.1128627959839283,0.740175287964421,1.1689648539168922
CHO-P10-target10,L,laavanya,119.28265035507235,0.49357227396273917,0.2958640869423354,0.7614241466797577
CHO-P10-target10,H,laavanya,139.182042548876,0.6608511711899745,0.2958640869423354,0.7614241466797577
CHO-P10-target10,L,aaraam,127.6324132090789,0.8643749818521588,0.7614241466797577,1.0970127117852833
CHO-P10-target10,H,aaraam,136.49786225695337,1.0225773531612303,0.7614241466797577,1.0970127117852833
CHO-P10-target11,L,ananyaa,126.28303821442607,0.3554855957891962,0.2753217942076587,0.7369287607581295
CHO-P10-target11,H,ananyaa,135.7188904601693,0.6176973563377013,0.2753217942076587,0.7369287607581295
CHO-P10-target11,L,kasrat,120.62174695865721,0.8821277027998997,0.7369287607581295,1.1458526420397939
CHO-P10-target11,H,kasrat,132.59806759503041,1.0334747849910129,0.7369287607581295,1.1458526420397939
CHO-P10-target12,L,laavanya,--undefined--,0.25564544828482744,0.11842495477371964,0.7180503171508872
CHO-P10-target12,H,laavanya,137.9249499111893,0.6376930028392104,0.11842495477371964,0.7180503171508872
CHO-P10-target12,L,kheDvaanu,129.36250137135912,0.8662052262601149,0.7180503171508872,1.155111166737395
CHO-P10-target12,H,kheDvaanu,136.1280404331134,1.093927521829276,0.7180503171508872,1.155111166737395
CHO-P10-target13,L,ananyaa,132.48834848257437,0.8958932636120156,0.7615241473150892,1.199619479924613
CHO-P10-target13,H,ananyaa,138.25721438664573,1.0859050758215743,0.7615241473150892,1.199619479924613
CHO-P10-target13,L,aaraam,129.41513849779935,1.2507149421902468,1.199619479924613,1.4343026947432977
CHO-P10-target13,H,aaraam,135.19605499716033,1.3672583317757978,1.199619479924613,1.4343026947432977
CHO-P10-target14,L,ananyaa,124.08785200884091,0.3403061224489797,0.2592126514901727,0.7343656360096023
CHO-P10-target14,H,ananyaa,136.3451191361025,0.6803448200011623,0.2592126514901727,0.7343656360096023
CHO-P10-target14,L,kasrat,123.46424040941314,0.8747810656990593,0.7343656360096023,1.1591404749649563
CHO-P10-target14,H,kasrat,134.12134109034872,1.070891003123816,0.7343656360096023,1.1591404749649563
CHO-P10-target15,L,laavanya,117.9390838332741,0.32905982728192235,0.19364429034030245,0.7333923221403014
CHO-P10-target15,H,laavanya,138.2049159508265,0.601019560045707,0.19364429034030245,0.7333923221403014
CHO-P10-target15,L,kheDvaanu,127.90461707647054,0.8969117492927047,0.7333923221403014,1.173038625709187
CHO-P10-target15,H,kheDvaanu,134.51459763438666,1.1405876698490556,0.7333923221403014,1.173038625709187
CHO-P10-target16,L,laavanya,121.84532966698498,0.5246845249490081,0.3348701368393992,0.8283991860712399
CHO-P10-target16,H,laavanya,136.65947171791365,0.7923502923923121,0.3348701368393992,0.8283991860712399
CHO-P10-target16,L,nedvaanu,120.41559395639833,1.0292248618084376,0.8283991860712399,1.283021665445266
CHO-P10-target16,H,nedvaanu,137.64418326617695,1.237466291159652,0.8283991860712399,1.283021665445266
CHO-P10-target2,L,laavanya,116.50617641334547,0.2671731474986064,0.0060891744548338235,0.6116401077227009
CHO-P10-target2,H,laavanya,134.9280383468584,0.46466513709571516,0.0060891744548338235,0.6116401077227009
CHO-P10-target2,L,kasrat,126.07149069280183,0.7320509930759832,0.6116401077227009,1.0023764363192156
CHO-P10-target2,H,kasrat,135.55018534216,0.8651657946730295,0.6116401077227009,1.0023764363192156
CHO-P10-target3,L,ananyaa,124.83140956608347,0.3142729959867943,0.2653979460420436,0.712606734361006
CHO-P10-target3,H,ananyaa,144.25993602736352,0.617925332040956,0.2653979460420436,0.712606734361006
CHO-P10-target3,L,nedvaanu,132.68942533887991,0.8333490030939932,0.712606734361006,1.1744294247074363
CHO-P10-target3,H,nedvaanu,138.79397825915936,1.1052862450402166,0.712606734361006,1.1744294247074363
CHO-P10-target4,L,ananyaa,124.51645619862799,0.2630583128244935,0.20009606568670735,0.6648952709567962
CHO-P10-target4,H,ananyaa,142.3394295768161,0.5240122611632015,0.20009606568670735,0.6648952709567962
CHO-P10-target4,L,aaraam,131.02190789096875,0.7171878835528127,0.6648952709567962,0.9276150975182869
CHO-P10-target4,H,aaraam,138.61951087983337,0.8885633708847169,0.6648952709567962,0.9276150975182869
CHO-P10-target5,L,laavanya,--undefined--,0.4011657919098169,0.27065632358630853,0.7674112998665968
CHO-P10-target5,H,laavanya,139.66796541659753,0.6445128439247514,0.27065632358630853,0.7674112998665968
CHO-P10-target5,L,kasrat,127.64434280027706,0.9020870670163341,0.7674112998665968,1.1735269631567171
CHO-P10-target5,H,kasrat,133.9917486130295,1.0802389849412461,0.7674112998665968,1.1735269631567171
CHO-P10-target6,L,ananyaa,101.91098292063673,0.3438662131519275,0.2931506641715976,0.7438977876982297
CHO-P10-target6,H,ananyaa,136.6268478107635,0.6829733925819824,0.2931506641715976,0.7438977876982297
CHO-P10-target6,L,nedvaanu,120.6271568287954,0.9328778241485662,0.7438977876982297,1.2007218670407058
CHO-P10-target6,H,nedvaanu,141.9324521004854,1.1439693585697612,0.7438977876982297,1.2007218670407058
CHO-P10-target7,L,laavanya,119.46303730465817,0.3979664704060897,0.20791376601247072,0.6890795204718619
CHO-P10-target7,H,laavanya,138.6656179762582,0.5829799229946312,0.20791376601247072,0.6890795204718619
CHO-P10-target7,L,aaraam,127.75725336796576,0.7532725556644788,0.6890795204718619,1.0055804760360962
CHO-P10-target7,H,aaraam,135.1070204341638,0.9531769109490213,0.6890795204718619,1.0055804760360962
CHO-P10-target8,L,ananyaa,117.26580650800338,0.1712524873367658,0.09057198762032886,0.5640859719607026
CHO-P10-target8,H,ananyaa,136.87269224429542,0.43853353727401245,0.09057198762032886,0.5640859719607026
CHO-P10-target8,L,kheDvaanu,128.76388487765084,0.6688299318818859,0.5640859719607026,0.9698709468173915
CHO-P10-target8,H,kaam,136.57065504842072,1.01224003758673,0.9698709468173915,1.1879474679897248
CHO-P10-target9,L,laavanya,123.51510765165762,0.9042436311654154,0.7058622028636314,1.187555326195518
CHO-P10-target9,H,laavanya,135.70095826599442,1.0710619685804266,0.7058622028636314,1.187555326195518
CHO-P10-target9,L,nedvaanu,124.24641015717592,1.3129849348043192,1.187555326195518,1.590928443679055
CHO-P10-target9,H,nedvaanu,129.97666985841502,1.4982365241671427,1.187555326195518,1.590928443679055
CHO-P11-target1,L,ananyaa,--undefined--,0.1906409975469739,0.14018692127340338,0.5782616920059018
CHO-P11-target1,H,ananyaa,104.5495278646985,0.5343639853277051,0.14018692127340338,0.5782616920059018
CHO-P11-target1,L,kheDvaanu,99.80323606907301,0.7258097459865446,0.5782616920059018,1.0419248929505922
CHO-P11-target1,H,kheDvaanu,105.13205074505217,0.9205162843991407,0.5782616920059018,1.0419248929505922
CHO-P11-target10,L,laavanya,--undefined--,0.14376444321618131,0.03779555602583083,0.5374011439182453
CHO-P11-target10,H,laavanya,103.80438527478984,0.4239869126320181,0.03779555602583083,0.5374011439182453
CHO-P11-target10,L,aaraam,96.16214139741135,0.6065366478922142,0.5374011439182453,0.8119332057815617
CHO-P11-target10,H,aaraam,100.04651871710982,0.7280366861855355,0.5374011439182453,0.8119332057815617
CHO-P11-target11,L,ananyaa,98.70897491256049,0.2713691855008576,0.19832411305101474,0.6300443175403739
CHO-P11-target11,H,ananyaa,108.93494999181992,0.4919807566061551,0.19832411305101474,0.6300443175403739
CHO-P11-target11,L,kasrat,96.63870997136749,0.7183962662209527,0.6300443175403739,1.0380957285653003
CHO-P11-target11,H,kasrat,106.04343148462894,0.951977984074696,0.6300443175403739,1.0380957285653003
CHO-P11-target12,L,laavanya,88.30934169266042,0.1545527104167951,0.05121503333604882,0.5327211041121813
CHO-P11-target12,H,laavanya,104.36723811053288,0.4901595537039666,0.05121503333604882,0.5327211041121813
CHO-P11-target12,L,kheDvaanu,97.76164657544425,0.7143378383640939,0.5327211041121813,0.9793311043454276
CHO-P11-target12,H,kheDvaanu,101.422614923143,0.9158718518464306,0.5327211041121813,0.9793311043454276
CHO-P11-target13,L,laavanya,82.04577893196786,0.2968176852908985,0.11886106080693475,0.6262504635914004
CHO-P11-target13,H,laavanya,101.03945668435415,0.5480622608172083,0.11886106080693475,0.6262504635914004
CHO-P11-target13,L,aaraam,94.24996636609168,0.7266554631676355,0.6262504635914004,0.9487305654335171
CHO-P11-target13,H,aaraam,100.3236861222099,0.9056876049656881,0.6262504635914004,0.9487305654335171
CHO-P11-target14,L,ananyaa,55.40833682771414,0.16850865167209114,0.13518090173003142,0.5215864396413408
CHO-P11-target14,H,ananyaa,104.07058336090365,0.4794689977655034,0.13518090173003142,0.5215864396413408
CHO-P11-target14,L,kasrat,94.21819531011147,0.5991360137568692,0.5215864396413408,0.929792719068508
CHO-P11-target14,H,kasrat,105.40650045917134,0.8508444968142072,0.5215864396413408,0.929792719068508
CHO-P11-target15,L,laavanya,94.03042663384483,0.27563823000117077,0.16587003869236167,0.6296712491173597
CHO-P11-target15,H,laavanya,104.10172882896843,0.5690899686754102,0.16587003869236167,0.6296712491173597
CHO-P11-target15,L,kheDvaanu,98.93158536952089,0.7709307010938027,0.6296712491173597,1.0506315803774977
CHO-P11-target15,H,kheDvaanu,101.17405380560534,0.9792735430993154,0.6296712491173597,1.0506315803774977
CHO-P11-target16,L,laavanya,--undefined--,0.2589021542995341,0.16603218656135754,0.5991668498811771
CHO-P11-target16,H,laavanya,106.58444407359285,0.5059780419901724,0.16603218656135754,0.5991668498811771
CHO-P11-target16,L,nedvaanu,94.45684537772742,0.7846946329462124,0.5991668498811771,1.0709319077063326
CHO-P11-target16,H,nedvaanu,100.9495009706189,0.9813730760717576,0.5991668498811771,1.0709319077063326
CHO-P11-target2,L,laavanya,--undefined--,0.23506076775115606,0.13877100690527677,0.6005118421595249
CHO-P11-target2,H,laavanya,102.699277708268,0.56264593291096,0.13877100690527677,0.6005118421595249
CHO-P11-target2,L,kasrat,95.76122885516986,0.696092751280061,0.6005118421595249,1.0504432353950153
CHO-P11-target2,H,kasrat,106.04747470948571,1.01043780619695,0.6005118421595249,1.0504432353950153
CHO-P11-target3,L,ananyaa,--undefined--,0.15054268819349995,0.08905436920611072,0.5552243157234298
CHO-P11-target3,H,ananyaa,109.11887764222413,0.49423593008586914,0.08905436920611072,0.5552243157234298
CHO-P11-target3,L,nedvaanu,97.47291892215671,0.7021306539862445,0.5552243157234298,1.0232791669326622
CHO-P11-target3,H,nedvaanu,108.79893845365002,0.96773289625081,0.5552243157234298,1.0232791669326622
CHO-P11-target4,L,ananyaa,68.28020352954651,0.2242198553388737,0.16533555106653888,0.6231636201153602
CHO-P11-target4,H,ananyaa,105.35313068989001,0.4907366797474938,0.16533555106653888,0.6231636201153602
CHO-P11-target4,L,aaraam,92.89009148652934,0.739130646512097,0.6231636201153602,0.9796778121294852
CHO-P11-target4,H,aaraam,106.42842558894488,0.9436869096328125,0.6231636201153602,0.9796778121294852
CHO-P11-target5,L,laavanya,96.6821653565393,0.2690848383907925,0.19638149220853085,0.6731638989863965
CHO-P11-target5,H,laavanya,105.61097910369242,0.6314644828332613,0.19638149220853085,0.6731638989863965
CHO-P11-target5,L,kasrat,91.46340732718116,0.7324625850340138,0.6731638989863965,1.0844360030788727
CHO-P11-target5,H,kasrat,100.95568889547953,0.9742212055553836,0.6731638989863965,1.0844360030788727
CHO-P11-target6,L,ananyaa,100.41401317274041,0.3487198699501458,0.19098350612000017,0.58681981620004
CHO-P11-target6,H,ananyaa,106.12281463482537,0.5203963915869619,0.19098350612000017,0.58681981620004
CHO-P11-target6,L,nedvaanu,96.17687124634114,0.7521624813109722,0.58681981620004,1.0643225510174779
CHO-P11-target6,H,nedvaanu,105.05700375394383,0.993328754551178,0.58681981620004,1.0643225510174779
CHO-P11-target7,L,laavanya,91.44374704442257,0.8240573790323897,0.7042225916579762,1.1682657114651531
CHO-P11-target7,H,laavanya,109.15491263993066,1.1229975742436515,0.7042225916579762,1.1682657114651531
CHO-P11-target7,L,aaraam,98.41570308178545,1.224648532776818,1.1682657114651531,1.4802848669387345
CHO-P11-target7,H,aaraam,102.65820566234514,1.341446614890539,1.1682657114651531,1.4802848669387345
CHO-P11-target8,L,ananyaa,--undefined--,0.07275510204081644,0.034480548860209716,0.4714220564339293
CHO-P11-target8,H,ananyaa,106.48266839009455,0.3885075406061503,0.034480548860209716,0.4714220564339293
CHO-P11-target8,L,kheDvaanu,96.99698819248758,0.6741930576027315,0.4714220564339293,0.9210211528907352
CHO-P11-target8,H,kheDvaanu,109.04108621666205,0.8531259934284552,0.4714220564339293,0.9210211528907352
CHO-P11-target9,L,laavanya,92.60433999523481,0.1457428600414087,0.031546081240895404,0.5372105671190216
CHO-P11-target9,H,laavanya,107.90535590436689,0.49093238557716057,0.031546081240895404,0.5372105671190216
CHO-P11-target9,L,nedvaanu,96.38817647855788,0.7238385735523817,0.5372105671190216,0.9923491789789405
CHO-P11-target9,H,nedvaanu,110.39621075682162,0.9234823336446938,0.5372105671190216,0.9923491789789405
CHO-P12-target1,L,ananyaa,107.8752387144772,0.5428824235847576,0.45580562941761654,0.9601062820314868
CHO-P12-target1,H,ananyaa,221.28972834139805,0.914893369000054,0.45580562941761654,0.9601062820314868
CHO-P12-target1,L,kheDvaanu,194.0021501085462,1.1780954856999284,0.9601062820314868,1.4838382654588869
CHO-P12-target1,H,kheDvaanu,221.83829824394147,1.4395410064839262,0.9601062820314868,1.4838382654588869
CHO-P12-target10,L,laavanya,202.46814396637703,0.41802208442738037,0.23215931544095897,0.7977914071645101
CHO-P12-target10,H,laavanya,216.98197066982178,0.7016877435795019,0.23215931544095897,0.7977914071645101
CHO-P12-target10,L,aaraam,202.09401667415196,0.8868260841522491,0.7977914071645101,1.087620455761361
CHO-P12-target10,H,aaraam,225.97413324149937,1.036458057086318,0.7977914071645101,1.087620455761361
CHO-P12-target11,L,ananyaa,210.91087373989285,0.3855199606332739,0.24996836292825333,0.7242145710205359
CHO-P12-target11,H,ananyaa,225.6225378403102,0.6826693136856002,0.24996836292825333,0.7242145710205359
CHO-P12-target11,L,kasrat,200.804338428896,0.835263038548753,0.7242145710205359,1.1620433537559438
CHO-P12-target11,H,kasrat,248.97389185610947,0.9442630385487529,0.7242145710205359,1.1620433537559438
CHO-P12-target12,L,laavanya,198.62303428157622,0.3705767215929405,0.1457258374626173,0.6741102566767226
CHO-P12-target12,H,laavanya,219.57014388614263,0.6441418027461681,0.1457258374626173,0.6741102566767226
CHO-P12-target12,L,kheDvaanu,208.82511338016852,0.9887586210165521,0.6741102566767226,1.237550589212324
CHO-P12-target12,H,kheDvaanu,225.14287829149097,1.1917661251718201,0.6741102566767226,1.237550589212324
CHO-P12-target13,L,ananyaa,211.05068940239508,0.3916017454676618,0.12787224836158922,0.6012350850807301
CHO-P12-target13,H,ananyaa,214.46342778370567,0.4929368616049935,0.12787224836158922,0.6012350850807301
CHO-P12-target13,L,aaraam,195.17713248878073,0.721728303526169,0.6012350850807301,0.8961899352409567
CHO-P12-target13,H,aaraam,223.48390775556982,0.8596304479446529,0.6012350850807301,0.8961899352409567
CHO-P12-target14,L,ananyaa,200.20229761978362,0.3216079228344742,0.2191579971093721,0.6607638222674055
CHO-P12-target14,H,ananyaa,208.20541141242373,0.43360481202319623,0.2191579971093721,0.6607638222674055
CHO-P12-target14,L,kasrat,184.5079119814524,0.7957278911564627,0.6607638222674055,1.1624186255964222
CHO-P12-target14,H,kasrat,208.73291816716196,0.9873505820341705,0.6607638222674055,1.1624186255964222
CHO-P12-target15,L,laavanya,199.01334736047053,0.5275277951949857,0.29722390855489284,0.8567733374223306
CHO-P12-target15,H,laavanya,216.419064451263,0.8147007678593012,0.29722390855489284,0.8567733374223306
CHO-P12-target15,L,kheDvaanu,194.59719744425004,1.0799646024811866,0.9731097599762836,1.405722283465991
CHO-P12-target15,H,kheDvaanu,221.76154410786788,1.3573064166431443,0.9731097599762836,1.405722283465991
CHO-P12-target16,L,laavanya,201.73620641480665,0.5133414309605772,0.3019320605124682,0.8134968630135488
CHO-P12-target16,H,laavanya,214.75028543897884,0.7431809238638749,0.3019320605124682,0.8134968630135488
CHO-P12-target16,L,nedvaanu,182.30033079432366,1.0395771066682025,0.8134968630135488,1.336352318824168
CHO-P12-target16,H,nedvaanu,220.61263319881732,1.2562462690376768,0.8134968630135488,1.336352318824168
CHO-P12-target2,L,laavanya,194.7130490431188,0.3923952398213426,0.23239723353515992,0.7137180833867364
CHO-P12-target2,H,laavanya,207.42660817556376,0.6804130343380348,0.23239723353515992,0.7137180833867364
CHO-P12-target2,L,kasrat,201.19272377407495,0.8511793409049064,0.7137180833867364,1.1557803074441346
CHO-P12-target2,H,kasrat,221.17453959580504,1.0172021389560315,0.7137180833867364,1.1557803074441346
CHO-P12-target3,L,ananyaa,202.43065973308452,0.5357375719499204,0.36360962064892755,0.8653652177612206
CHO-P12-target3,H,ananyaa,215.85241398339048,0.8319473442943756,0.36360962064892755,0.8653652177612206
CHO-P12-target3,L,nedvaanu,183.46703688769162,1.0241907412966045,0.8653652177612206,1.3533844855671753
CHO-P12-target3,H,nedvaanu,221.19287071166104,1.2759468809761008,0.8653652177612206,1.3533844855671753
CHO-P12-target4,L,ananyaa,203.40224202813482,0.5282848397020266,0.37055588705332887,0.9112182033461779
CHO-P12-target4,H,ananyaa,226.5501977825168,0.8307433734564204,0.37055588705332887,0.9112182033461779
CHO-P12-target4,L,aaraam,203.34841178441138,1.0008608627368842,0.9112182033461779,1.2252684737249577
CHO-P12-target4,H,aaraam,218.3159878812952,1.1947574801146414,0.9112182033461779,1.2252684737249577
CHO-P12-target5,L,laavanya,204.935238068426,0.37640971043082605,0.15860451546562396,0.6667458104420088
CHO-P12-target5,H,laavanya,220.79048922714438,0.6135034398124142,0.15860451546562396,0.6667458104420088
CHO-P12-target5,L,kasrat,202.49031577667384,0.7909495205446588,0.6667458104420088,1.1405138551030607
CHO-P12-target5,H,kasrat,218.43027057070253,1.0316603539704552,0.6667458104420088,1.1405138551030607
CHO-P12-target6,L,ananyaa,105.36161810721883,0.29394302917561943,0.22048801148505415,0.7436216969889821
CHO-P12-target6,H,ananyaa,221.3450798182206,0.6748062005930942,0.22048801148505415,0.7436216969889821
CHO-P12-target6,L,nedvaanu,186.47307172245567,0.9337944657396715,0.7436216969889821,1.2768056215969683
CHO-P12-target6,H,nedvaanu,222.0090750751693,1.2249177242151041,0.7436216969889821,1.2768056215969683
CHO-P12-target7,L,laavanya,205.4662514985393,0.23328178580709147,0.14603866506317445,0.7455018306397371
CHO-P12-target7,H,laavanya,227.90816732122352,0.6805090143595404,0.14603866506317445,0.7455018306397371
CHO-P12-target7,L,aaraam,212.7290311633672,0.8230803183289277,0.7455018306397371,1.0291357435423458
CHO-P12-target7,H,aaraam,224.34316915949347,0.9753198877182301,0.7455018306397371,1.0291357435423458
CHO-P12-target8,L,ananyaa,199.45475087495583,0.2383524868222594,0.08977600328902098,0.6109481985420521
CHO-P12-target8,H,ananyaa,215.95302451662647,0.5797477610726114,0.08977600328902098,0.6109481985420521
CHO-P12-target8,L,kheDvaanu,198.29470062750474,0.833041029064808,0.6109481985420521,1.1503240475938445
CHO-P12-target8,H,kheDvaanu,224.92470549694292,1.097347047839274,0.6109481985420521,1.1503240475938445
CHO-P12-target9,L,laavanya,208.39268923801032,0.7237103448130788,0.5124636769529086,1.0237128133814888
CHO-P12-target9,H,laavanya,225.0826051154125,0.9960441865561108,0.5124636769529086,1.0237128133814888
CHO-P12-target9,L,nedvaanu,199.74880991954268,1.1628186385861268,1.0237128133814888,1.533989190236198
CHO-P12-target9,H,nedvaanu,218.49321992645176,1.4594572570109239,1.0237128133814888,1.533989190236198
CHO-P3-target1,L,ananyaa,136.44402395785414,0.30419752539463646,0.19474831912637558,0.6578904038284416
CHO-P3-target1,H,ananyaa,156.45017494791853,0.5103774146481209,0.19474831912637558,0.6578904038284416
CHO-P3-target1,L,kheDvaanu,135.113365710368,0.8063890416464068,0.6578904038284416,1.0723308288395168
CHO-P3-target1,H,kheDvaanu,147.25408231666518,0.998346256113478,0.6578904038284416,1.0723308288395168
CHO-P3-target10,L,laavanya,130.6343124038139,0.6399581769849748,0.25446429834059037,0.8692249641304491
CHO-P3-target10,H,laavanya,134.77499740827028,0.7441979430386654,0.25446429834059037,0.8692249641304491
CHO-P3-target10,L,aaraam,122.03668736643051,0.9642431321171534,0.8692249641304491,1.1993122868657646
CHO-P3-target10,H,aaraam,136.47979824110953,1.1266507182442718,0.8692249641304491,1.1993122868657646
CHO-P3-target11,L,ananyaa,132.79105617429082,0.5356808307282656,0.4674481250301255,0.9185128509079552
CHO-P3-target11,H,ananyaa,148.59248161893024,0.8183916818825594,0.4674481250301255,0.9185128509079552
CHO-P3-target11,L,kasrat,129.54814202651434,1.0034177522991752,0.9185128509079552,1.1950959502640506
CHO-P3-target11,H,kasrat,141.3079355632852,1.143916675508688,0.9185128509079552,1.1950959502640506
CHO-P3-target12,L,laavanya,116.04463828941621,0.32753347647360864,0.0966773125901744,0.7355741156606438
CHO-P3-target12,H,laavanya,130.74455017124748,0.6637218776385333,0.0966773125901744,0.7355741156606438
CHO-P3-target12,L,kheDvaanu,125.44542040242185,0.9178799558363907,0.7355741156606438,1.2316401385702238
CHO-P3-target12,H,kheDvaanu,135.50488389126338,1.1480349000809087,0.7355741156606438,1.2316401385702238
CHO-P3-target13,L,ananyaa,133.72891766919923,0.9049039816416469,0.8377047631601334,1.3170941825860827
CHO-P3-target13,H,ananyaa,154.04694072089583,1.1246857341936987,0.8377047631601334,1.3170941825860827
CHO-P3-target13,L,aaraam,136.91038606787097,1.391346137345026,1.3170941825860827,1.589382887728855
CHO-P3-target13,H,aaraam,143.82942592362951,1.5213433023950413,1.3170941825860827,1.589382887728855
CHO-P3-target14,L,ananyaa,132.32798389019038,0.2752474369635489,0.14166508164970434,0.6440976223470355
CHO-P3-target14,H,ananyaa,134.65898816488752,0.5448785752404124,0.14166508164970434,0.6440976223470355
CHO-P3-target14,L,kasrat,119.30079061848546,0.7725986394557822,0.6440976223470355,1.0897601170709426
CHO-P3-target14,H,kasrat,144.62575722964482,0.9570793185014124,0.6440976223470355,1.0897601170709426
CHO-P3-target15,,,109.44814274680404,0.9336649139248593,0.9336649139248593,1.2262982214373792
CHO-P3-target15,L,,130.42465311185822,1.490043004418932,1.2262982214373792,1.7344525471342107
CHO-P3-target15,H,,149.01795674156182,1.6728356085745242,1.2262982214373792,1.7344525471342107
CHO-P3-target16,L,laavanya,129.33080165216407,0.47293410836050703,0.28100909348438546,0.7819010118365788
CHO-P3-target16,H,laavanya,141.87595798717885,0.7508497455142307,0.28100909348438546,0.7819010118365788
CHO-P3-target16,L,nedvaanu,129.76490065535964,0.9374454235409261,0.7819010118365788,1.3062545643802965
CHO-P3-target16,H,nedvaanu,145.74049702757642,1.224144706140867,0.7819010118365788,1.3062545643802965
CHO-P3-target2,L,laavanya,127.9337285949557,0.47603223488444707,0.2543530747143185,0.8577914089967172
CHO-P3-target2,H,laavanya,143.28672238621144,0.7341350714363127,0.2543530747143185,0.8577914089967172
CHO-P3-target2,L,kasrat,132.39367450399018,0.967210855993179,0.8577914089967172,1.2583454613976366
CHO-P3-target2,H,kasrat,146.2342004042359,1.1803965056257975,0.8577914089967172,1.2583454613976366
CHO-P3-target3,L,ananyaa,127.46400489803655,0.427108349291323,0.29447579768136106,0.8074702180204375
CHO-P3-target3,H,ananyaa,145.2283300214071,0.7635800855178194,0.29447579768136106,0.8074702180204375
CHO-P3-target3,L,nedvaanu,131.42103579012493,0.9574868965212145,0.8074702180204375,1.3270102046803194
CHO-P3-target3,H,nedvaanu,142.2597225373542,1.1388696107278498,0.8074702180204375,1.3270102046803194
CHO-P3-target4,L,ananyaa,128.829909913066,0.31955949896850677,0.27276135317878436,0.7410885512315254
CHO-P3-target4,H,ananyaa,135.94204513431404,0.6124349547250721,0.27276135317878436,0.7410885512315254
CHO-P3-target4,L,aaraam,124.26411932029829,0.7859759723467695,0.7410885512315254,1.040866330568466
CHO-P3-target4,H,aaraam,141.35979032481077,0.9646157496022035,0.7410885512315254,1.040866330568466
CHO-P3-target5,L,laavanya,119.9674652544766,0.4517591856822591,0.26749301514627,0.8143610200713696
CHO-P3-target5,H,laavanya,137.6996646476779,0.6437931557103702,0.26749301514627,0.8143610200713696
CHO-P3-target5,L,kasrat,120.89890601511446,0.9158895337003204,0.8143610200713696,1.2004613807520716
CHO-P3-target5,H,kasrat,--undefined--,1.0206833622776967,0.8143610200713696,1.2004613807520716
CHO-P3-target6,L,ananyaa,137.05043598468447,0.3457158222864657,0.27105681166121115,0.7054726536302832
CHO-P3-target6,H,ananyaa,143.50344195725592,0.579887706002858,0.27105681166121115,0.7054726536302832
CHO-P3-target6,L,nedvaanu,132.0196394839746,0.8569122713390457,0.7054726536302832,1.2007195074965487
CHO-P3-target6,H,nedvaanu,143.62077963688594,1.0898732404871705,0.7054726536302832,1.2007195074965487
CHO-P3-target7,L,laavanya,123.45719384950473,0.5168439168547104,0.3515091947371849,0.9659431837227829
CHO-P3-target7,H,laavanya,146.6327980050201,0.7786139103475427,0.3515091947371849,0.9659431837227829
CHO-P3-target7,L,aaraam,135.88563307399676,1.0002222560307827,0.9659431837227829,1.2472135801544195
CHO-P3-target7,H,aaraam,143.2709159760841,1.2038870406856328,0.9659431837227829,1.2472135801544195
CHO-P3-target8,L,ananyaa,125.9767317455874,0.480090702947846,0.3801283382256503,0.868666233635555
CHO-P3-target8,H,ananyaa,143.55362083133232,0.8230717527168165,0.3801283382256503,0.868666233635555
CHO-P3-target8,L,kheDvaanu,127.69578794601368,1.054838454919708,0.868666233635555,1.3353160507750614
CHO-P3-target8,H,kheDvaanu,143.9654966568829,1.2751102420332303,0.868666233635555,1.3353160507750614
CHO-P3-target9,L,laavanya,117.6991250968646,0.48442270107157565,0.3007290184656173,0.8533663508116421
CHO-P3-target9,H,laavanya,139.78239847326773,0.7639725096550719,0.3007290184656173,0.8533663508116421
CHO-P3-target9,L,nedvaanu,122.21013376902722,1.004093130841423,0.8533663508116421,1.309593446441452
CHO-P3-target9,H,nedvaanu,131.66545515964415,1.2627712079579185,0.8533663508116421,1.309593446441452
CHO-P4-target1,L,ananyaa,242.58543789176557,0.41484903970942205,0.32156916364438404,0.8792098062334045
CHO-P4-target1,H,ananyaa,259.419594749976,0.8428972775441643,0.32156916364438404,0.8792098062334045
CHO-P4-target1,L,kheDvaanu,233.80129367563944,1.1393878419654484,0.8792098062334045,1.4768972911164995
CHO-P4-target1,H,kaam,241.87551265323955,1.618237308857622,1.4768972911164995,1.747023779756825
CHO-P4-target10,L,laavanya,231.5312984411078,0.6157739652707614,0.390755486986298,1.054758159900498
CHO-P4-target10,H,laavanya,247.77137374601207,0.9891691242780929,0.390755486986298,1.054758159900498
CHO-P4-target10,L,aaraam,232.59512238821577,1.1789175769669702,1.054758159900498,1.4963989128189839
CHO-P4-target10,H,aaraam,244.3139373874962,1.463636415097627,1.054758159900498,1.4963989128189839
CHO-P4-target11,L,ananyaa,234.35338810218025,0.4967581937550702,0.4044246031289645,0.9694451809769159
CHO-P4-target11,H,ananyaa,257.2321430589968,0.9238939186897375,0.4044246031289645,0.9694451809769159
CHO-P4-target11,L,kasrat,236.255999653598,1.1268671618061012,0.9694451809769159,1.5044196647432484
CHO-P4-target11,H,kasrat,250.60758049768603,1.3528668994797457,0.9694451809769159,1.5044196647432484
CHO-P4-target12,L,laavanya,229.26022216282269,0.6199848981650914,0.5191042681113138,1.160934998581633
CHO-P4-target12,H,laavanya,245.67602792864986,1.1099399096560356,0.5191042681113138,1.160934998581633
CHO-P4-target12,L,kheDvaanu,224.83111078384184,1.4675507513764374,1.160934998581633,1.8730307608861843
CHO-P4-target12,H,kheDvaanu,242.42897709410778,1.825161593096839,1.160934998581633,1.8730307608861843
CHO-P4-target13,L,ananyaa,239.63769576003153,0.55879750869296,0.5182464260093925,1.1020528487984314
CHO-P4-target13,H,ananyaa,247.09654549707628,0.9806608801465092,0.5182464260093925,1.1020528487984314
CHO-P4-target13,L,aaraam,231.44411680418702,1.1866119898873104,1.1020528487984314,1.4801636560058116
CHO-P4-target13,H,aaraam,245.04694536987216,1.4287103845962428,1.1020528487984314,1.4801636560058116
CHO-P4-target14,L,ananyaa,234.42540437610546,0.47175653220844915,0.3440119328205215,0.9518616320783162
CHO-P4-target14,H,ananyaa,244.67690592261627,0.9035405971848474,0.3440119328205215,0.9518616320783162
CHO-P4-target14,L,kasrat,226.81930177283175,1.0852058440346735,0.9518616320783162,1.543318205655974
CHO-P4-target14,H,kasrat,235.2937358204951,1.4037782334379916,0.9518616320783162,1.543318205655974
CHO-P4-target15,L,laavanya,231.77813751031763,0.36997266637755366,0.21573352075840804,0.8878772989291055
CHO-P4-target15,H,laavanya,250.8681525191375,0.8520207048554304,0.21573352075840804,0.8878772989291055
CHO-P4-target15,L,kheDvaanu,224.40369074067644,1.1651984113824587,0.8878772989291055,1.5052997890611848
CHO-P4-target15,H,kheDvaanu,237.46359138607508,1.4630242695503188,0.8878772989291055,1.5052997890611848
CHO-P4-target16,L,laavanya,209.69910938582024,0.6895950853039848,0.5036287743440897,1.2119778897693256
CHO-P4-target16,H,laavanya,235.33433461824197,1.1332658553105954,0.5036287743440897,1.2119778897693256
CHO-P4-target16,L,nedvaanu,210.56455087429163,1.4441372111655675,1.2119778897693256,1.862415075544294
CHO-P4-target16,H,nedvaanu,233.00580862495147,1.8093356000825738,1.2119778897693256,1.862415075544294
CHO-P4-target2,L,laavanya,236.7675796707756,0.6990345582270036,0.44940694586489,1.0492289713808458
CHO-P4-target2,H,laavanya,250.72003539767687,0.997658470998198,0.44940694586489,1.0492289713808458
CHO-P4-target2,L,kasrat,237.34859709194023,1.2095027851863103,1.0492289713808458,1.594906296540587
CHO-P4-target2,H,kasrat,249.66408549865105,1.441765828452795,1.0492289713808458,1.594906296540587
CHO-P4-target3,L,ananyaa,240.8904016517869,0.3819039259684576,0.2815722079736557,0.8324986526379855
CHO-P4-target3,H,ananyaa,248.75045932153765,0.7613532849641043,0.2815722079736557,0.8324986526379855
CHO-P4-target3,L,nedvaanu,207.0446284815849,1.0837060767967455,0.8324986526379855,1.4471966587629672
CHO-P4-target3,H,nedvaanu,250.08772543792702,1.2619877649735238,0.8324986526379855,1.4471966587629672
CHO-P4-target4,L,ananyaa,236.50676430537033,0.43677718110281244,0.35762908465295146,0.911841573339578
CHO-P4-target4,H,ananyaa,241.04172389430525,0.843500688687624,0.35762908465295146,0.911841573339578
CHO-P4-target4,L,aaraam,227.7134745935193,1.0420650193739658,0.911841573339578,1.3539922566409643
CHO-P4-target4,H,aaraam,241.72630047178606,1.3004763657128044,0.911841573339578,1.3539922566409643
CHO-P4-target5,L,laavanya,225.25835549762883,0.4959661506453635,0.24159221922826277,0.914385180139559
CHO-P4-target5,H,laavanya,244.8994110074829,0.8757745821919424,0.24159221922826277,0.914385180139559
CHO-P4-target5,L,kasrat,230.2345140214293,1.0542696834094902,0.914385180139559,1.4581487551833971
CHO-P4-target5,H,kasrat,244.32960172151098,1.2947422503275754,0.914385180139559,1.4581487551833971
CHO-P4-target6,L,ananyaa,234.73834080384086,0.36104152524480315,0.21931444245599693,0.8615843421391068
CHO-P4-target6,H,ananyaa,250.6154575185421,0.8045541139944242,0.21931444245599693,0.8615843421391068
CHO-P4-target6,L,nedvaanu,208.2591002968884,1.1243968618848643,0.8615843421391068,1.4930171904292984
CHO-P4-target6,H,nedvaanu,247.58882002727657,1.3015469557513386,0.8615843421391068,1.4930171904292984
CHO-P4-target7,L,laavanya,225.00609776256468,0.5258500371626228,0.4563259259695565,1.090414948171782
CHO-P4-target7,H,laavanya,250.25361129864254,1.0560013139322193,0.4563259259695565,1.090414948171782
CHO-P4-target7,L,aaraam,222.6160726905123,1.232883196605385,1.090414948171782,1.5134113924518162
CHO-P4-target7,H,aaraam,237.6770867790575,1.4560767397596361,1.090414948171782,1.5134113924518162
CHO-P4-target8,L,ananyaa,229.7012992313408,0.6691908434732641,0.5941165285312668,1.1219451453688276
CHO-P4-target8,H,ananyaa,243.65974099676677,1.0905608688542565,0.5941165285312668,1.1219451453688276
CHO-P4-target8,L,kheDvaanu,222.01117895831337,1.4103239377603995,1.1219451453688276,1.7826196715796718
CHO-P4-target8,H,kheDvaanu,236.9683294248138,1.7450292061481383,1.1219451453688276,1.7826196715796718
CHO-P4-target9,L,laavanya,233.57850663904478,0.4093802241467044,0.21721597266973347,0.9250014819875798
CHO-P4-target9,H,laavanya,240.99885925665328,0.785205523140927,0.21721597266973347,0.9250014819875798
CHO-P4-target9,L,nedvaanu,210.14287217775183,1.1628469528336725,0.9250014819875798,1.5392013805398859
CHO-P4-target9,H,nedvaanu,241.42974474054887,1.4880592529698786,0.9250014819875798,1.5392013805398859
CHO-P5-target1,L,ananyaa,98.96422011203556,0.47752242357440483,0.43436409792640096,1.0349676246774029
CHO-P5-target1,H,ananyaa,120.396694970507,0.8405012148434167,0.43436409792640096,1.0349676246774029
CHO-P5-target1,L,kheDvaanu,99.80082741437349,1.2326997791754637,1.0349676246774029,1.4824490519907618
CHO-P5-target1,H,kheDvaanu,115.72725309974672,1.43167696806747,1.0349676246774029,1.4824490519907618
CHO-P5-target10,L,laavanya,99.18062630644363,0.24319736711586123,0.14796124159101615,0.9038040267568498
CHO-P5-target10,H,laavanya,130.75703052421773,0.888527168259699,0.14796124159101615,0.9038040267568498
CHO-P5-target10,L,aaraam,95.57705285677159,1.0308432460784922,0.960241269928091,1.32902053261333
CHO-P5-target10,H,aaraam,117.11594573947964,1.2565280252030837,0.960241269928091,1.32902053261333
CHO-P5-target11,L,ananyaa,107.74948889592481,0.8209842673932877,0.7750434918225578,1.2981288029513225
CHO-P5-target11,H,ananyaa,117.65820541201774,1.2666517443967902,0.7750434918225578,1.2981288029513225
CHO-P5-target11,L,kasrat,98.69750433521492,1.392643990929705,1.2981288029513225,1.738832334983954
CHO-P5-target11,H,kasrat,113.57812025854531,1.6382940460046584,1.2981288029513225,1.738832334983954
CHO-P5-target12,L,laavanya,103.13347974452292,0.30000000149253764,0.22731294098750196,0.8360247288251527
CHO-P5-target12,H,laavanya,119.60037609130706,0.7916258588747501,0.22731294098750196,0.8360247288251527
CHO-P5-target12,L,kheDvaanu,104.43587019900365,1.0536462334136216,0.8360247288251527,1.3419778737203336
CHO-P5-target12,H,kheDvaanu,116.69453152245005,1.2646272593318668,0.8360247288251527,1.3419778737203336
CHO-P5-target13,L,ananyaa,110.26002351459974,0.4371959742155556,0.41233359957306603,0.9267339063046369
CHO-P5-target13,H,ananyaa,113.77953638045454,0.7948700480914789,0.41233359957306603,0.9267339063046369
CHO-P5-target13,L,aaraam,102.13284252091123,1.0505675728013115,0.9267339063046369,1.2792097641856714
CHO-P5-target13,H,aaraam,114.05945423567098,1.2331399162195054,0.9267339063046369,1.2792097641856714
CHO-P5-target14,L,ananyaa,112.02656242817132,0.22694620929603615,0.17930062735826363,0.6699510584044561
CHO-P5-target14,H,ananyaa,120.24400738064,0.6361710002485463,0.17930062735826363,0.6699510584044561
CHO-P5-target14,L,kasrat,102.88945228010942,0.8009190914722085,0.6699510584044561,1.144269023151181
CHO-P5-target14,H,kasrat,116.758468268928,1.024810531322993,0.6699510584044561,1.144269023151181
CHO-P5-target15,L,laavanya,99.4110876611981,0.2921089394024179,0.15743394413352324,0.726324353462431
CHO-P5-target15,H,laavanya,114.28177127350966,0.5568064310911458,0.15743394413352324,0.726324353462431
CHO-P5-target15,L,kheDvaanu,101.3761979130667,0.9623016978946966,0.726324353462431,1.241685193149824
CHO-P5-target15,H,kheDvaanu,110.13044850368098,1.1472990893079684,0.726324353462431,1.241685193149824
CHO-P5-target16,L,laavanya,--undefined--,0.2319614512471652,0.19691663646171442,0.668148035043252
CHO-P5-target16,H,laavanya,115.95718894581898,0.5516856137670325,0.19691663646171442,0.668148035043252
CHO-P5-target16,L,nedvaanu,92.30429406197422,0.9003440511071934,0.668148035043252,1.2162530574996233
CHO-P5-target16,H,nedvaanu,115.81368511610606,1.0627082185167356,0.668148035043252,1.2162530574996233
CHO-P5-target2,L,laavanya,101.20104421705256,0.15449968952145374,0.11594886238211752,0.6552562452737584
CHO-P5-target2,H,laavanya,116.09296862958139,0.5919510380731184,0.11594886238211752,0.6552562452737584
CHO-P5-target2,L,kasrat,102.01824844912962,0.8120821669371217,0.6552562452737584,1.1570790034151945
CHO-P5-target2,H,kasrat,118.74499310034636,1.0540653571470395,0.6552562452737584,1.1570790034151945
CHO-P5-target3,L,ananyaa,109.86404014257737,0.497069094373242,0.44623574270495053,0.9879075779582336
CHO-P5-target3,H,ananyaa,115.45191425282034,0.81938666871128,0.44623574270495053,0.9879075779582336
CHO-P5-target3,L,nedvaanu,96.55623051760932,1.220529528039395,0.9879075779582336,1.481939587266548
CHO-P5-target3,H,nedvaanu,110.11078987376811,1.4222469612276198,0.9879075779582336,1.481939587266548
CHO-P5-target4,L,ananyaa,105.54193949447817,0.19402258603438707,0.15564142426568234,0.6290683567176758
CHO-P5-target4,H,ananyaa,115.92018601072178,0.5132868067438008,0.15564142426568234,0.6290683567176758
CHO-P5-target4,L,aaraam,52.370510060644484,0.6933970982961952,0.6290683567176758,1.0181125548042609
CHO-P5-target4,H,aaraam,118.76663142993391,0.9730893444048049,0.6290683567176758,1.0181125548042609
CHO-P5-target5,L,laavanya,106.60594688348148,0.17243770953715626,0.12766051232897496,0.6354837672599182
CHO-P5-target5,H,laavanya,116.74892095348105,0.5951736465947064,0.12766051232897496,0.6354837672599182
CHO-P5-target5,L,kasrat,103.36483874234727,0.7611562978445021,0.6354837672599182,1.1017308717145446
CHO-P5-target5,H,kasrat,115.43223796593114,0.9777730191408094,0.6354837672599182,1.1017308717145446
CHO-P5-target6,L,ananyaa,108.52050308894556,0.30105337822830025,0.2521308528637042,0.705006753145722
CHO-P5-target6,H,ananyaa,117.04448142508998,0.6079869447710644,0.2521308528637042,0.705006753145722
CHO-P5-target6,L,nedvaanu,97.83961162927748,0.9533891583062014,0.705006753145722,1.258591078184519
CHO-P5-target6,H,nedvaanu,118.89674902420388,1.1458761775970916,0.705006753145722,1.258591078184519
CHO-P5-target7,L,laavanya,107.71456322647815,0.42619333429756573,0.3618970157811429,0.9524597893787642
CHO-P5-target7,H,laavanya,116.6737959626646,0.8796798749203633,0.3618970157811429,0.9524597893787642
CHO-P5-target7,L,aaraam,99.4981706138555,1.048742228328165,1.03180282163032,1.3751166114833855
CHO-P5-target7,H,aaraam,114.44546566999433,1.2970344935134979,1.03180282163032,1.3751166114833855
CHO-P5-target8,L,ananyaa,107.24683851815811,0.2040578407109831,0.14928036966568298,0.6132005845122928
CHO-P5-target8,H,ananyaa,119.64771480752887,0.5817085388927197,0.14928036966568298,0.6132005845122928
CHO-P5-target8,L,kheDvaanu,100.42689953438928,0.8338560840880163,0.6132005845122928,1.1289946049577493
CHO-P5-target8,H,kheDvaanu,115.57478961727146,1.0563897314441484,0.6132005845122928,1.1289946049577493
CHO-P5-target9,L,laavanya,--undefined--,0.18004535147392306,0.13426112295656484,0.6601670623797165
CHO-P5-target9,H,laavanya,114.81564303682799,0.549681146378682,0.13426112295656484,0.6601670623797165
CHO-P5-target9,L,nedvaanu,94.38255003496155,0.8611407015419746,0.6601670623797165,1.1567498122964666
CHO-P5-target9,H,nedvaanu,115.64771080045345,1.0794085668829192,0.6601670623797165,1.1567498122964666
CHO-P6-target1,L,ananyaa,228.4353887312241,0.6264044502786895,0.5024977525700001,1.045603229565042
CHO-P6-target1,H,ananyaa,251.04126905612057,0.9438950626183624,0.5024977525700001,1.045603229565042
CHO-P6-target1,L,kheDvaanu,235.02653682904673,1.2266541552610994,1.110489822423163,1.5150169243450577
CHO-P6-target1,H,kheDvaanu,265.7047140636385,1.4356547767853207,1.110489822423163,1.5150169243450577
CHO-P6-target10,L,laavanya,225.7826630583003,0.2852632339209401,0.1812575621759349,0.6031898888206829
CHO-P6-target10,H,laavanya,248.26337115902544,0.5797123803253522,0.1812575621759349,0.6031898888206829
CHO-P6-target10,L,aaraam,117.43576302571459,0.7473868330168131,0.6031898888206829,1.0009223962614833
CHO-P6-target10,H,aaraam,252.33031760660685,0.9170352171289979,0.6031898888206829,1.0009223962614833
CHO-P6-target11,L,ananyaa,243.46742790405145,0.5310282023062634,0.46614118884613637,0.9038037101101662
CHO-P6-target11,H,ananyaa,258.7954764857137,0.8242099520431719,0.46614118884613637,0.9038037101101662
CHO-P6-target11,L,kasrat,239.5860309416223,1.0420843212874618,0.9038037101101662,1.3473874499380678
CHO-P6-target11,H,kasrat,266.5634888396124,1.2363556338636201,0.9038037101101662,1.3473874499380678
CHO-P6-target13,L,ananyaa,117.52575138209983,0.1469028949307133,0.09394099285989234,0.5792607024668163
CHO-P6-target13,H,ananyaa,245.88080460167347,0.5005350092840769,0.09394099285989234,0.5792607024668163
CHO-P6-target13,L,aaraam,233.7197552177883,0.6734374382262054,0.5792607024668163,0.9509296252571433
CHO-P6-target13,H,aaraam,244.07852823964396,0.8583420027015316,0.5792607024668163,0.9509296252571433
CHO-P6-target14,L,ananyaa,231.2711450112466,0.3746783391110385,0.28625114653492234,0.6991411344217346
CHO-P6-target14,H,ananyaa,251.93194252351637,0.662704427504736,0.28625114653492234,0.6991411344217346
CHO-P6-target14,L,kasrat,209.57650800497788,0.9266881948612583,0.8229761995997635,1.2834875288452512
CHO-P6-target14,H,kasrat,250.8685429401871,1.1337534596999104,0.8229761995997635,1.2834875288452512
CHO-P6-target15,L,laavanya,223.46055711539668,0.7221628058972096,0.6145078152709788,1.2288446125705235
CHO-P6-target15,H,laavanya,246.4399705902843,1.0017674527488407,0.6145078152709788,1.2288446125705235
CHO-P6-target15,L,kheDvaanu,236.9947004743042,1.4024924877841625,1.290833152483777,1.6714884606641673
CHO-P6-target15,H,kheDvaanu,255.89475368473626,1.622239062414963,1.290833152483777,1.6714884606641673
CHO-P6-target16,L,laavanya,219.77455014414429,0.40589710819211183,0.3081214325300231,0.922728147821048
CHO-P6-target16,H,laavanya,248.36023649464738,0.6871496098274674,0.3081214325300231,0.922728147821048
CHO-P6-target16,L,nedvaanu,224.6105726206361,1.059513829642221,0.922728147821048,1.3864520895384131
CHO-P6-target16,H,nedvaanu,262.88146847104673,1.3297585517336583,0.922728147821048,1.3864520895384131
CHO-P6-target2,L,laavanya,233.16460493865202,0.5070792733921717,0.428745423669936,0.9060418047440796
CHO-P6-target2,H,laavanya,237.8093420322183,0.8437881926366563,0.428745423669936,0.9060418047440796
CHO-P6-target2,L,kasrat,117.11726308236851,1.1188633788462778,1.0184623161416728,1.503339213043291
CHO-P6-target2,H,kasrat,256.63760679728705,1.3711690464552253,1.0184623161416728,1.503339213043291
CHO-P6-target3,L,ananyaa,227.9562634461818,0.3038848490786994,0.2075862767105103,0.6596998275833559
CHO-P6-target3,H,ananyaa,251.93854293993732,0.5647453241512195,0.2075862767105103,0.6596998275833559
CHO-P6-target3,L,nedvaanu,212.71815495429317,0.8365815512726607,0.6596998275833559,1.1567263663466385
CHO-P6-target3,H,nedvaanu,270.45063865225654,1.0987386122437002,0.6596998275833559,1.1567263663466385
CHO-P6-target4,L,ananyaa,227.74050014761306,0.44101879467492267,0.28901512247638567,0.8681802160332913
CHO-P6-target4,H,ananyaa,244.60453971722265,0.8429874387221867,0.28901512247638567,0.8681802160332913
CHO-P6-target4,L,aaraam,226.58123333061332,0.9677012395217067,0.8681802160332913,1.2387555418367495
CHO-P6-target4,H,aaraam,246.842343009083,1.187434724103269,0.8681802160332913,1.2387555418367495
CHO-P6-target5,L,laavanya,222.9794375079096,0.2782330840206602,0.16707169853645074,0.68707332566737
CHO-P6-target5,H,laavanya,253.54209523191585,0.5499943452421159,0.16707169853645074,0.68707332566737
CHO-P6-target5,L,kasrat,213.6054139116085,0.825919772642646,0.68707332566737,1.1677466565185946
CHO-P6-target5,H,kasrat,252.89538671102517,1.0328243183638457,0.68707332566737,1.1677466565185946
CHO-P6-target6,L,ananyaa,228.69937516111733,0.22961071699916197,0.17819156331010916,0.6596584168765937
CHO-P6-target6,H,ananyaa,248.32251186261527,0.6012002601415729,0.17819156331010916,0.6596584168765937
CHO-P6-target6,L,nedvaanu,215.30315471711742,0.8364604382934383,0.6596584168765937,1.1417565265976042
CHO-P6-target6,H,nedvaanu,256.41183370406833,1.058029197750277,0.6596584168765937,1.1417565265976042
CHO-P6-target7,L,laavanya,236.32310173117625,0.8978880390084445,0.7847833485139928,1.3245281812609042
CHO-P6-target7,H,laavanya,252.09668115401777,1.2097549155086023,0.7847833485139928,1.3245281812609042
CHO-P6-target7,L,aaraam,235.97376224623727,1.4228213027869239,1.3245281812609042,1.6013421926115246
CHO-P6-target7,H,aaraam,251.27996295726516,1.5514749073530218,1.3245281812609042,1.6013421926115246
CHO-P6-target8,L,ananyaa,217.99014066959933,0.2754927980675732,0.19212332678720273,0.8554086955730116
CHO-P6-target8,H,ananyaa,244.19949479911992,0.5508552427410169,0.19212332678720273,0.8554086955730116
CHO-P6-target8,L,kheDvaanu,232.56048242197474,1.028076622798094,0.8969973280209963,1.3262423878179137
CHO-P6-target8,H,kheDvaanu,257.07929532705225,1.2409303980388577,0.8969973280209963,1.3262423878179137
CHO-P6-target9,L,laavanya,219.572257653187,0.22382108063008338,0.13751012801374232,0.628819605142111
CHO-P6-target9,H,laavanya,246.2118585795421,0.5228213326127178,0.13751012801374232,0.628819605142111
CHO-P6-target9,L,nedvaanu,208.09199421986938,0.8267640103603294,0.628819605142111,1.1114226506926617
CHO-P6-target9,H,nedvaanu,263.6401785694362,1.0519218711784128,0.628819605142111,1.1114226506926617
CHO-P7-target1,L,ananyaa,239.02899853699498,0.45992906213621404,0.36100201398252213,0.8336285096180568
CHO-P7-target1,H,ananyaa,280.09309694469727,0.7918212815817091,0.36100201398252213,0.8336285096180568
CHO-P7-target1,L,kheDvaanu,253.5851296389207,1.0256198556782423,0.8336285096180568,1.3063994348137464
CHO-P7-target1,H,kheDvaanu,279.38844700449573,1.2582632556197693,0.8336285096180568,1.3063994348137464
CHO-P7-target10,L,laavanya,215.54435083633766,0.574546594684922,0.3632814982576473,1.0379804207719898
CHO-P7-target10,H,laavanya,261.05936424876893,0.8363820900759462,0.3632814982576473,1.0379804207719898
CHO-P7-target10,L,aaraam,226.2640481933757,1.234573036283978,1.1528036962065824,1.5046617207599269
CHO-P7-target10,H,aaraam,300.25122091059137,1.4395554377758555,1.1528036962065824,1.5046617207599269
CHO-P7-target11,L,ananyaa,243.036351776272,0.19035224011690866,0.12222466092880509,0.6547854932940005
CHO-P7-target11,H,ananyaa,290.57822156576526,0.5657176983987959,0.12222466092880509,0.6547854932940005
CHO-P7-target11,L,kasrat,250.247729708615,0.7827913832199549,0.7358683669320857,1.1503178487794405
CHO-P7-target11,H,kasrat,285.7519870058932,1.0314895987350745,0.7358683669320857,1.1503178487794405
CHO-P7-target12,L,laavanya,226.60956895533428,0.3587133203924848,0.26914860676803626,0.8464818343188701
CHO-P7-target12,H,laavanya,250.36992197272934,0.807924907865747,0.26914860676803626,0.8464818343188701
CHO-P7-target12,L,kheDvaanu,242.55870292108423,1.0362012094433661,0.8464818343188701,1.3402009692476144
CHO-P7-target12,H,kheDvaanu,278.18090608721667,1.2896499161386599,0.8464818343188701,1.3402009692476144
CHO-P7-target13,L,ananyaa,239.17127484098958,0.2189125344400957,0.14504103954208403,0.6744827918244491
CHO-P7-target13,H,ananyaa,280.56860263620825,0.5661334553517327,0.14504103954208403,0.6744827918244491
CHO-P7-target13,L,aaraam,233.53752359712902,0.8770551905584887,0.7820958910092445,1.1061448457916445
CHO-P7-target13,H,aaraam,281.33841693726816,1.056358742908984,0.7820958910092445,1.1061448457916445
CHO-P7-target14,L,ananyaa,239.2791321678466,0.41042814883965295,0.3341720136598694,0.8049586133083441
CHO-P7-target14,H,ananyaa,267.7651817292155,0.7204118594745015,0.3341720136598694,0.8049586133083441
CHO-P7-target14,L,kasrat,244.85948755602948,0.9419964824722492,0.8049586133083441,1.2829856343624642
CHO-P7-target14,H,kasrat,286.64566452410463,1.1641444427963192,0.8049586133083441,1.2829856343624642
CHO-P7-target2,L,laavanya,236.5146071261169,0.19249471707409746,0.07685254542446453,0.5556007474234329
CHO-P7-target2,H,laavanya,276.1221954650099,0.5134257376887756,0.07685254542446453,0.5556007474234329
CHO-P7-target2,L,kasrat,234.53236899502707,0.7197385366553545,0.5556007474234329,1.0884683113875022
CHO-P7-target2,H,kasrat,280.3057942279004,0.9635627536158567,0.5556007474234329,1.0884683113875022
CHO-P7-target3,L,ananyaa,236.0413870791215,0.5201390756507561,0.4208957908169381,0.9822989111680464
CHO-P7-target3,H,ananyaa,264.1449259090618,0.9389381738786469,0.4208957908169381,0.9822989111680464
CHO-P7-target3,L,nedvaanu,227.6437906370453,1.116334182602271,0.9822989111680464,1.4703265853940715
CHO-P7-target3,H,nedvaanu,279.522213024408,1.4150749290920375,0.9822989111680464,1.4703265853940715
CHO-P7-target4,L,ananyaa,246.50519793896666,0.23734403693807063,0.17916326790134274,0.6458610694253858
CHO-P7-target4,H,ananyaa,263.3312801340265,0.6199915489161654,0.17916326790134274,0.6458610694253858
CHO-P7-target4,L,aaraam,232.0371272037548,0.8097851298772101,0.6458610694253858,1.0261333521486802
CHO-P7-target4,H,aaraam,260.3663557559417,0.9872418686883434,0.6458610694253858,1.0261333521486802
CHO-P7-target5,L,laavanya,226.25510194041536,0.26627685252773686,0.1600395504292357,0.5820175229527018
CHO-P7-target5,H,laavanya,259.805449764452,0.5479248660777498,0.1600395504292357,0.5820175229527018
CHO-P7-target5,L,kasrat,254.71234464580164,0.6876303371993009,0.5820175229527018,1.001637931130359
CHO-P7-target5,H,kasrat,284.49215514937737,0.9233655466851539,0.5820175229527018,1.001637931130359
CHO-P7-target7,L,laavanya,237.61185985834172,1.3941033744677358,1.2092131659519256,1.8509410729291154
CHO-P7-target7,H,laavanya,273.88423661230587,1.6855304491477028,1.2092131659519256,1.8509410729291154
CHO-P7-target7,L,aaraam,234.42498071715792,2.0214400665815897,1.912991099557953,2.236304396202949
CHO-P7-target7,H,aaraam,279.34248668449453,2.197860436176786,1.912991099557953,2.236304396202949
CHO-P7-target8,L,ananyaa,241.12208964779265,0.7625120341334507,0.6719794489048176,1.1502048835847822
CHO-P7-target8,H,ananyaa,278.5240136417058,1.0746671880708758,0.6719794489048176,1.1502048835847822
CHO-P7-target8,L,kheDvaanu,246.62079268973835,1.3535747533983373,1.1502048835847822,1.636280587085948
CHO-P7-target8,H,kheDvaanu,265.82772297832605,1.5983116605939542,1.1502048835847822,1.636280587085948
CHO-P7-target9,L,laavanya,236.57757731607586,0.30187073920438345,0.1631958748073,0.6977828300919021
CHO-P7-target9,H,laavanya,286.3850138991676,0.5819101765471095,0.1631958748073,0.6977828300919021
CHO-P7-target9,L,nedvaanu,224.0145270249996,0.8018869246401922,0.6977828300919021,1.1648157961774313
CHO-P7-target9,H,nedvaanu,289.4949030456235,1.064928614608793,0.6977828300919021,1.1648157961774313
CHO-P8-target1,L,ananyaa,184.40818649294917,0.2230143385252247,0.1593013628566366,0.7904784363187807
CHO-P8-target1,H,ananyaa,197.3830368313921,0.6983746484318031,0.1593013628566366,0.7904784363187807
CHO-P8-target1,L,kheDvaanu,161.5995825155357,1.0449501662308913,0.7904784363187807,1.3930802967995113
CHO-P8-target1,H,kheDvaanu,190.6439623318706,1.353467956466615,0.7904784363187807,1.3930802967995113
CHO-P8-target10,L,laavanya,157.88231381589898,0.2807286807542271,0.09565743281923234,0.7131138036185971
CHO-P8-target10,H,laavanya,182.25246171582316,0.5802283051297319,0.09565743281923234,0.7131138036185971
CHO-P8-target10,L,aaraam,159.73909113017666,0.8455708307377707,0.7131138036185971,1.0986001147849915
CHO-P8-target10,H,aaraam,176.91782625602107,1.0405343672010825,0.7131138036185971,1.0986001147849915
CHO-P8-target11,L,ananyaa,165.9243663969129,0.5556749833367831,0.48177561022802545,1.0975620240564439
CHO-P8-target11,H,ananyaa,199.7346359732521,1.0403204695563035,0.48177561022802545,1.0975620240564439
CHO-P8-target11,L,kasrat,163.174031885142,1.258583210658543,1.0975620240564439,1.6613594030494583
CHO-P8-target11,H,kasrat,187.0528543183281,1.5375584604127046,1.0975620240564439,1.6613594030494583
CHO-P8-target12,L,laavanya,162.05945243509154,0.40646717402241833,0.17244731140826278,0.898587339181487
CHO-P8-target12,H,laavanya,191.48659638156013,0.8184124519382884,0.17244731140826278,0.898587339181487
CHO-P8-target12,L,kheDvaanu,171.67735367250683,1.1306503171534614,0.898587339181487,1.5436156237171588
CHO-P8-target12,H,kheDvaanu,195.0805222863072,1.4813732084289377,0.898587339181487,1.5436156237171588
CHO-P8-target13,L,ananyaa,186.2115029885092,0.31032380099368523,0.22250671221885607,0.8473634650914745
CHO-P8-target13,H,ananyaa,205.87629838786677,0.7686027195473977,0.22250671221885607,0.8473634650914745
CHO-P8-target13,L,aaraam,180.7177829132323,0.9646842881648536,0.8473634650914745,1.2690518145126612
CHO-P8-target13,H,aaraam,209.56380890180827,1.2032982109032606,0.8473634650914745,1.2690518145126612
CHO-P8-target14,L,ananyaa,172.79554740337107,0.8331546171525449,0.7909624786368673,1.3984982076147077
CHO-P8-target14,H,ananyaa,200.10758236374423,1.3388484629642146,0.7909624786368673,1.3984982076147077
CHO-P8-target14,L,kasrat,167.59232755517354,1.5772844213521005,1.3984982076147077,1.9798071697211563
CHO-P8-target14,H,kasrat,198.12701354473785,1.8709391209076571,1.3984982076147077,1.9798071697211563
CHO-P8-target15,L,laavanya,159.98584318398682,0.43698531623071385,0.2025725803283,0.9551238898193534
CHO-P8-target15,H,laavanya,190.40498556557066,0.7991426180832505,0.2025725803283,0.9551238898193534
CHO-P8-target15,L,kheDvaanu,157.41623204748575,1.2132372458083565,0.9551238898193534,1.6017788014138938
CHO-P8-target15,H,kheDvaanu,191.67950215945868,1.544976482780076,0.9551238898193534,1.6017788014138938
CHO-P8-target16,L,laavanya,155.28291995193257,0.6706378976691705,0.46505363940595185,1.3260638215286815
CHO-P8-target16,H,laavanya,199.8011948490385,1.0815307952990132,0.46505363940595185,1.3260638215286815
CHO-P8-target16,L,nedvaanu,174.61660646372232,1.5292794336330369,1.3260638215286815,1.9985382379889647
CHO-P8-target16,H,nedvaanu,197.39146930636596,1.929267885805328,1.3260638215286815,1.9985382379889647
CHO-P8-target2,L,laavanya,85.79828863976142,0.45581188705934883,0.24927245930576458,0.8679244617400214
CHO-P8-target2,H,laavanya,188.68587716591603,0.8150239543023216,0.24927245930576458,0.8679244617400214
CHO-P8-target2,L,kasrat,168.21622347270116,1.0020199817990432,0.8679244617400214,1.4114223340850993
CHO-P8-target2,H,kasrat,184.0759486014332,1.2556173341576111,0.8679244617400214,1.4114223340850993
CHO-P8-target3,L,ananyaa,175.0817420153159,0.3596587201198191,0.2834918899846737,0.9880024464821094
CHO-P8-target3,H,ananyaa,192.77120607926736,0.8769044212525564,0.2834918899846737,0.9880024464821094
CHO-P8-target3,L,nedvaanu,172.56828778103457,1.1301333457182547,0.9880024464821094,1.5901774519752412
CHO-P8-target3,H,nedvaanu,193.38708828074994,1.5260900267156723,0.9880024464821094,1.5901774519752412
CHO-P8-target4,L,ananyaa,162.85201791216016,0.09776834760436658,0.008709901613576671,0.6687125975034846
CHO-P8-target4,H,ananyaa,187.65717646220614,0.5192083178199333,0.008709901613576671,0.6687125975034846
CHO-P8-target4,L,aaraam,150.39164699536784,0.8153840145344292,0.6687125975034846,1.1697869083351151
CHO-P8-target4,H,aaraam,189.23110157037743,1.0859989566515857,0.6687125975034846,1.1697869083351151
CHO-P8-target5,L,laavanya,149.2817969155218,0.285428844807898,0.06859039143649948,0.7407886424498756
CHO-P8-target5,H,laavanya,175.8776579442094,0.5842208628484986,0.06859039143649948,0.7407886424498756
CHO-P8-target5,L,kasrat,143.79758399047202,0.9087024761639626,0.7407886424498756,1.27322817405599
CHO-P8-target5,H,kasrat,178.44893850799622,1.1575438865067,0.7407886424498756,1.27322817405599
CHO-P8-target6,L,ananyaa,159.9791201448629,0.08661748386200467,0.0035459584317966315,0.677893419899532
CHO-P8-target6,H,ananyaa,177.42839494719746,0.5946312608519181,0.0035459584317966315,0.677893419899532
CHO-P8-target6,L,nedvaanu,138.27660510913154,0.8657712291096228,0.677893419899532,1.2750834154986739
CHO-P8-target6,H,nedvaanu,187.03057775896124,1.2044645024362504,0.677893419899532,1.2750834154986739
CHO-P8-target7,L,laavanya,148.1365945622875,0.31234431730898155,0.033961588745954736,0.7496769017455537
CHO-P8-target7,H,laavanya,178.83024643141948,0.6683685460013024,0.033961588745954736,0.7496769017455537
CHO-P8-target7,L,aaraam,153.25820542794895,0.8758153023786609,0.7496769017455537,1.160383070026691
CHO-P8-target7,H,aaraam,173.91983783723816,1.0872951636723869,0.7496769017455537,1.160383070026691
CHO-P8-target8,L,ananyaa,162.46831742499322,0.2539732652669956,0.1600478334816286,0.7262661690675803
CHO-P8-target8,H,ananyaa,179.6247198168576,0.6525150435436701,0.1600478334816286,0.7262661690675803
CHO-P8-target8,L,kheDvaanu,161.72145865850598,0.9440618166726558,0.7262661690675803,1.3495916848831546
CHO-P8-target8,H,kheDvaanu,190.5828949137704,1.272967784729832,0.7262661690675803,1.3495916848831546
CHO-P8-target9,L,laavanya,153.5905691524362,0.41344111759060176,0.15288750533928155,0.9039609896798035
CHO-P8-target9,H,laavanya,185.2095927839377,0.7930077807754287,0.15288750533928155,0.9039609896798035
CHO-P8-target9,L,nedvaanu,148.68066616591048,1.1245175358962964,0.9039609896798035,1.47260755051634
CHO-P8-target9,H,nedvaanu,175.4245110295553,1.4205010385060954,0.9039609896798035,1.47260755051634
CHO-P9-target1,L,ananyaa,121.57486760884221,0.14492386309666874,0.10188505346409274,0.5694834499256582
CHO-P9-target1,H,ananyaa,221.90742161928696,0.47502927664485184,0.10188505346409274,0.5694834499256582
CHO-P9-target1,L,kheDvaanu,202.28087768915256,0.7763586397528331,0.5694834499256582,1.1000988379236658
CHO-P9-target1,H,kheDvaanu,216.955818529607,1.0356062513067867,0.5694834499256582,1.1000988379236658
CHO-P9-target10,L,laavanya,192.16084237074395,0.264782200839247,0.024059356906213754,0.6228865070546615
CHO-P9-target10,H,laavanya,223.1738058922611,0.5256949238152961,0.024059356906213754,0.6228865070546615
CHO-P9-target10,L,aaraam,193.61620395858395,0.7791326739055414,0.6535225196331331,1.0350626589576444
CHO-P9-target10,H,aaraam,222.81202806757062,0.9924745048381255,0.6535225196331331,1.0350626589576444
CHO-P9-target11,L,ananyaa,202.97401713941616,0.23179853749109394,0.07972516194652156,0.5710729596509605
CHO-P9-target11,H,ananyaa,224.576236851396,0.48250324417498036,0.07972516194652156,0.5710729596509605
CHO-P9-target11,L,kasrat,193.21453937960086,0.7216008736943667,0.5710729596509605,1.1001844208903053
CHO-P9-target11,H,kasrat,226.43715083407992,0.9917346812131823,0.5710729596509605,1.1001844208903053
CHO-P9-target12,L,laavanya,192.0188567399014,0.34757055966940686,0.1452487223774234,0.641474464593297
CHO-P9-target12,H,laavanya,222.83480000932863,0.5514500182895898,0.1452487223774234,0.641474464593297
CHO-P9-target12,L,kheDvaanu,207.39701316629507,0.8638886691620778,0.641474464593297,1.1936142032762216
CHO-P9-target12,H,kheDvaanu,226.69171422977257,1.1227060172157426,0.641474464593297,1.1936142032762216
CHO-P9-target13,L,ananyaa,200.23836971967674,0.11699590875782333,0.06020701634109956,0.5617820763469051
CHO-P9-target13,H,ananyaa,223.76389278430426,0.4604040628820985,0.06020701634109956,0.5617820763469051
CHO-P9-target13,L,aaraam,191.67992744262128,0.6378994768521704,0.5617820763469051,0.925335487306781
CHO-P9-target13,H,aaraam,223.61339719292698,0.8907761178764946,0.5617820763469051,0.925335487306781
CHO-P9-target14,L,ananyaa,210.2682012436425,0.07780852407033066,0.021288402916676316,0.49118823808944784
CHO-P9-target14,H,ananyaa,233.489174474439,0.43586835571838295,0.021288402916676316,0.49118823808944784
CHO-P9-target14,L,kasrat,191.9629952723093,0.6335969469660576,0.49118823808944784,0.8912203713501515
CHO-P9-target14,H,kasrat,235.5100634582134,0.8604918462006429,0.49118823808944784,0.8912203713501515
CHO-P9-target15,L,laavanya,195.4416349890359,0.36004201367490946,0.19781901551764314,0.679045108754681
CHO-P9-target15,H,laavanya,225.73451984611035,0.6124828458228117,0.19781901551764314,0.679045108754681
CHO-P9-target15,L,kheDvaanu,206.47156378927983,0.8748233184471021,0.679045108754681,1.2013132735307392
CHO-P9-target15,H,kheDvaanu,222.62388116801407,1.149538341666878,0.679045108754681,1.2013132735307392
CHO-P9-target16,L,laavanya,197.10134039762752,0.35266561094698656,0.1510347375505677,0.6602987656655529
CHO-P9-target16,H,laavanya,229.17606579969046,0.6097759654582765,0.1510347375505677,0.6602987656655529
CHO-P9-target16,L,nedvaanu,192.63422528575325,0.8351839220795433,0.6602987656655529,1.198713920527301
CHO-P9-target16,H,nedvaanu,225.36856525681563,1.1265332943173565,0.6602987656655529,1.198713920527301
CHO-P9-target2,L,laavanya,191.87360441657736,0.27708493322970607,0.0753523813802736,0.5959951336626463
CHO-P9-target2,H,laavanya,221.62000745703787,0.506496151555543,0.0753523813802736,0.5959951336626463
CHO-P9-target2,L,kasrat,190.94519566503647,0.7342672942252833,0.5959951336626463,1.0948491847123123
CHO-P9-target2,H,kasrat,216.8183861789416,0.975920827894374,0.5959951336626463,1.0948491847123123
CHO-P9-target3,L,ananyaa,197.22631766377089,0.1134905063100567,0.054826846633595064,0.5210827240941226
CHO-P9-target3,H,ananyaa,221.23056136793977,0.45783059296772893,0.054826846633595064,0.5210827240941226
CHO-P9-target3,L,nedvaanu,182.8729814631832,0.684999400137721,0.5210827240941226,1.0116506923516793
CHO-P9-target3,H,nedvaanu,216.58592205621156,0.9533059710365919,0.5210827240941226,1.0116506923516793
CHO-P9-target4,L,ananyaa,203.43947152291577,0.10633871851505286,0.042904824136536644,0.527627068617476
CHO-P9-target4,H,ananyaa,228.37042834788295,0.4421696728930957,0.042904824136536644,0.527627068617476
CHO-P9-target4,L,aaraam,206.31393042069766,0.6831775803844855,0.5776940238180571,0.9352546709672945
CHO-P9-target4,H,aaraam,226.36070682632405,0.8940221298953815,0.5776940238180571,0.9352546709672945
CHO-P9-target5,L,laavanya,193.83674872061954,0.27370926999290207,0.09690012823305,0.6099774831493522
CHO-P9-target5,H,laavanya,225.8605144082614,0.5091376549305139,0.09690012823305,0.6099774831493522
CHO-P9-target5,L,kasrat,194.2856988481652,0.74780071124357,0.6099774831493522,1.086974859311256
CHO-P9-target5,H,kasrat,220.53451032090655,0.9827108848362432,0.6099774831493522,1.086974859311256
CHO-P9-target6,L,ananyaa,208.3270690484169,0.15705378003233364,0.10570955369636653,0.5364258276775272
CHO-P9-target6,H,ananyaa,223.60197177563322,0.4478812258280337,0.10570955369636653,0.5364258276775272
CHO-P9-target6,L,nedvaanu,188.44655763967245,0.7077161911783926,0.5364258276775272,1.0782967825498435
CHO-P9-target6,H,nedvaanu,219.1175287605644,1.035073526474441,0.5364258276775272,1.0782967825498435
CHO-P9-target7,L,laavanya,198.14954893938713,0.3628416452682933,0.17631624268251794,0.7468334060768931
CHO-P9-target7,H,laavanya,228.62504523816733,0.664472024524095,0.17631624268251794,0.7468334060768931
CHO-P9-target7,L,aaraam,197.6888610297052,0.8627163156102152,0.7468334060768931,1.1023190283606645
CHO-P9-target7,H,aaraam,217.4236229726695,1.0552881464950739,0.7468334060768931,1.1023190283606645
CHO-P9-target8,L,ananyaa,202.22849521741188,0.16419300602071335,0.10707759438830766,0.5759059574536508
CHO-P9-target8,H,ananyaa,223.2601759939315,0.5035900086966918,0.10707759438830766,0.5759059574536508
CHO-P9-target8,L,kheDvaanu,199.26527957637222,0.817726104695969,0.5759059574536508,1.134336063189107
CHO-P9-target8,H,kheDvaanu,221.5237054411085,1.0566598331299581,0.5759059574536508,1.134336063189107
CHO-P9-target9,L,laavanya,198.36704515546123,0.25207091924855407,0.03158153494117912,0.6031657498851767
CHO-P9-target9,H,laavanya,220.12252862022183,0.5277381164947076,0.03158153494117912,0.6031657498851767
CHO-P9-target9,L,nedvaanu,201.63249346287995,0.7699099619174787,0.6031657498851767,1.1465240994313006
CHO-P9-target9,H,nedvaanu,220.06647254037705,1.0773768935021528,0.6031657498851767,1.1465240994313006
